emp_id,first_name,last_name,email,gender,job_title
1,Shaine,Begbie,sbegbie0@diigo.com,Male,VP Product Management
2,Gael,Jessopp,gjessopp1@vimeo.com,Male,Design Engineer
3,Malynda,Garwill,mgarwill2@nba.com,Female,Cost Accountant
4,Raymund,Calrow,rcalrow3@themeforest.net,Male,Senior Editor
5,Mufi,Hedger,mhedger4@chicagotribune.com,Female,Librarian
6,Nikki,Pays,npays5@4shared.com,Female,Physical Therapy Assistant
7,Andeee,Bouller,abouller6@virginia.edu,Female,Software Consultant
8,Micheal,Ridley,mridley7@bloglovin.com,Male,Actuary
9,Sibby,Capponeer,scapponeer8@nationalgeographic.com,Female,Electrical Engineer
10,Aidan,Labroue,alabroue9@tinyurl.com,Female,Structural Engineer
11,Nert,Coultass,ncoultassa@usnews.com,Female,Senior Cost Accountant
12,Terencio,Rewan,trewanb@toplist.cz,Male,GIS Technical Architect
13,Simmonds,Spaven,sspavenc@purevolume.com,Male,Software Test Engineer II
14,Rolf,Cometti,rcomettid@google.cn,Male,Chief Design Engineer
15,Shelly,Coffee,scoffeee@liveinternet.ru,Female,Staff Accountant II
16,Even,Burrage,eburragef@smh.com.au,Male,Health Coach III
17,Etta,Bermingham,eberminghamg@google.com.hk,Female,Developer IV
18,Curcio,Behnen,cbehnenh@china.com.cn,Male,Database Administrator III
19,Carma,Cogger,ccoggeri@pen.io,Female,Occupational Therapist
20,Penelope,Macknish,pmacknishj@trellian.com,Female,Assistant Professor
21,Lancelot,Kenway,lkenwayk@behance.net,Male,Account Executive
22,Paton,Ferrarone,pferraronel@unesco.org,Male,Staff Accountant II
23,Harwell,Crum,hcrumm@unblog.fr,Bigender,Software Test Engineer IV
24,Culley,Jowsey,cjowseyn@statcounter.com,Male,Staff Scientist
25,Gisele,Arnholz,garnholzo@shutterfly.com,Female,Legal Assistant
26,Valentino,Diboll,vdibollp@bbc.co.uk,Male,Research Associate
27,Savina,Ferns,sfernsq@si.edu,Female,Payment Adjustment Coordinator
28,Gaynor,Snugg,gsnuggr@pcworld.com,Female,Developer IV
29,Gannon,Haire,ghaires@gnu.org,Agender,Nuclear Power Engineer
30,Moss,Denisot,mdenisott@spotify.com,Male,Automation Specialist II
31,Gay,Pickaver,gpickaveru@ehow.com,Polygender,VP Marketing
32,Kaine,Balnaves,kbalnavesv@cargocollective.com,Male,Account Coordinator
33,Nerte,Itscovitz,nitscovitzw@aboutads.info,Female,Senior Financial Analyst
34,Pippy,Whetson,pwhetsonx@e-recht24.de,Female,Paralegal
35,Johna,Selburn,jselburny@reuters.com,Female,Graphic Designer
36,Sidoney,Leney,sleneyz@tripod.com,Female,Media Manager III
37,Haily,Fluck,hfluck10@usnews.com,Female,Account Representative III
38,Christye,Meaker,cmeaker11@ucoz.com,Female,Junior Executive
39,Teddi,Buffery,tbuffery12@kickstarter.com,Female,Mechanical Systems Engineer
40,Carline,Meatyard,cmeatyard13@nyu.edu,Female,Data Coordinator
41,Krishnah,Skeech,kskeech14@facebook.com,Male,Junior Executive
42,Cristiano,Gerrels,cgerrels15@si.edu,Genderqueer,Help Desk Operator
43,Frances,Woodington,fwoodington16@ucoz.com,Female,Electrical Engineer
44,Frederic,Cubbon,fcubbon17@telegraph.co.uk,Male,Mechanical Systems Engineer
45,Lindon,Rulten,lrulten18@hibu.com,Bigender,Compensation Analyst
46,Broddie,Casa,bcasa19@imageshack.us,Bigender,Geological Engineer
47,Shaine,Decaze,sdecaze1a@globo.com,Male,Research Assistant II
48,Karylin,Phalp,kphalp1b@scribd.com,Female,Director of Sales
49,Yance,Dykas,ydykas1c@disqus.com,Male,Office Assistant II
50,Victor,Farress,vfarress1d@shinystat.com,Male,Editor
51,Uri,Shinner,ushinner1e@biblegateway.com,Male,Associate Professor
52,Carolin,Boniface,cboniface1f@economist.com,Female,Chief Design Engineer
53,Johnny,Muckloe,jmuckloe1g@soup.io,Male,Clinical Specialist
54,Marion,Hall,mhall1h@ovh.net,Male,Biostatistician I
55,Brandea,McCallion,bmccallion1i@dot.gov,Female,Staff Accountant IV
56,Ailee,Tucsell,atucsell1j@a8.net,Female,Internal Auditor
57,Alisha,Sneezem,asneezem1k@yelp.com,Female,Safety Technician IV
58,Zonnya,Decent,zdecent1l@mashable.com,Female,Registered Nurse
59,Reese,Gather,rgather1m@oracle.com,Male,Pharmacist
60,Em,Duffrie,eduffrie1n@opensource.org,Male,Internal Auditor
61,Roth,Hairsnape,rhairsnape1o@bing.com,Male,Dental Hygienist
62,Broddy,Von Salzberg,bvonsalzberg1p@huffingtonpost.com,Male,Senior Editor
63,Pren,Shucksmith,pshucksmith1q@hp.com,Polygender,VP Sales
64,Mortie,Mahony,mmahony1r@sourceforge.net,Male,Civil Engineer
65,Kean,Barnardo,kbarnardo1s@geocities.com,Male,Structural Engineer
66,Matthew,Samwayes,msamwayes1t@t-online.de,Male,VP Marketing
67,Dyane,Marsham,dmarsham1u@ted.com,Genderfluid,Business Systems Development Analyst
68,Noreen,Fawdery,nfawdery1v@berkeley.edu,Female,Sales Associate
69,Laraine,Rapley,lrapley1w@shutterfly.com,Female,Staff Accountant III
70,Sanders,Robberts,srobberts1x@blog.com,Male,Associate Professor
71,Andee,Verzey,averzey1y@globo.com,Female,Senior Cost Accountant
72,Ethelbert,Borrowman,eborrowman1z@skype.com,Male,Librarian
73,Rodie,Southworth,rsouthworth20@cmu.edu,Female,Software Test Engineer IV
74,Jarret,Luberti,jluberti21@geocities.jp,Male,Software Engineer IV
75,Kearney,Keggin,kkeggin22@wikispaces.com,Male,VP Quality Control
76,Alistair,Learmount,alearmount23@google.com.hk,Male,Human Resources Manager
77,Emily,Pippard,epippard24@icio.us,Genderqueer,Sales Representative
78,Jourdan,Anstie,janstie25@ucoz.ru,Female,Automation Specialist III
79,Lizabeth,Pairpoint,lpairpoint26@discuz.net,Agender,Sales Representative
80,Fred,Courson,fcourson27@va.gov,Male,Systems Administrator III
81,Arel,Clemenceau,aclemenceau28@amazon.co.jp,Male,Recruiter
82,Sibella,Eouzan,seouzan29@phpbb.com,Female,General Manager
83,Rogerio,O'Cannan,rocannan2a@tmall.com,Male,Media Manager III
84,Olag,Normavill,onormavill2b@sciencedirect.com,Male,Environmental Tech
85,Claire,Phillott,cphillott2c@imdb.com,Male,Engineer III
86,Rufe,Berthel,rberthel2d@spiegel.de,Male,Librarian
87,Lulu,Dufour,ldufour2e@sogou.com,Female,Nurse
88,Julius,Liversley,jliversley2f@youtu.be,Male,Food Chemist
89,Skye,Dongles,sdongles2g@bigcartel.com,Male,Community Outreach Specialist
90,Jerrie,Jeffery,jjeffery2h@quantcast.com,Male,Research Associate
91,Jakie,Stiger,jstiger2i@java.com,Male,Web Designer II
92,Shay,Siely,ssiely2j@wunderground.com,Male,Chemical Engineer
93,Erie,Lenormand,elenormand2k@dyndns.org,Male,Information Systems Manager
94,Ami,Poundford,apoundford2l@yahoo.co.jp,Female,Clinical Specialist
95,Celia,Delwater,cdelwater2m@noaa.gov,Female,Information Systems Manager
96,Angela,Broadfield,abroadfield2n@github.io,Female,Account Coordinator
97,Jeramie,Beebee,jbeebee2o@netscape.com,Male,Pharmacist
98,Crista,Hopfner,chopfner2p@usa.gov,Female,Paralegal
99,Kennie,Weatherall,kweatherall2q@amazon.de,Male,VP Sales
100,Shari,Thursby,sthursby2r@europa.eu,Female,Internal Auditor
101,Bobbie,Tomlett,btomlett2s@oakley.com,Female,Information Systems Manager
102,Ammamaria,Verriour,averriour2t@amazon.com,Female,Internal Auditor
103,Dinnie,Sherwood,dsherwood2u@mapy.cz,Female,Environmental Specialist
104,Artemus,Muncey,amuncey2v@ftc.gov,Male,Assistant Professor
105,Tildie,Cuesta,tcuesta2w@stumbleupon.com,Female,Human Resources Assistant IV
106,Leonora,Grote,lgrote2x@liveinternet.ru,Female,Help Desk Operator
107,Roy,Bygraves,rbygraves2y@mediafire.com,Male,Structural Engineer
108,Rudie,Wiffill,rwiffill2z@booking.com,Male,Quality Engineer
109,Ginny,Sodory,gsodory30@taobao.com,Polygender,Budget/Accounting Analyst IV
110,Sergent,Picknett,spicknett31@infoseek.co.jp,Male,Quality Engineer
111,Obediah,Heed,oheed32@qq.com,Agender,Electrical Engineer
112,Osmund,Jerke,ojerke33@constantcontact.com,Male,Clinical Specialist
113,Forester,Martelet,fmartelet34@amazonaws.com,Male,Speech Pathologist
114,Marijo,Domney,mdomney35@twitpic.com,Female,Paralegal
115,Jerald,Bediss,jbediss36@google.com,Male,Graphic Designer
116,Cherye,Razoux,crazoux37@jimdo.com,Female,Software Engineer II
117,Selig,Esmonde,sesmonde38@youtu.be,Male,Developer I
118,Toddie,Dodgshon,tdodgshon39@rakuten.co.jp,Male,Computer Systems Analyst II
119,Elsey,Pendrid,ependrid3a@slashdot.org,Female,Physical Therapy Assistant
120,Farlay,Carik,fcarik3b@google.co.uk,Male,Staff Accountant III
121,Fraze,Fain,ffain3c@usa.gov,Male,Chemical Engineer
122,Rana,Naseby,rnaseby3d@w3.org,Female,Computer Systems Analyst III
123,Karolina,Sherer,ksherer3e@cloudflare.com,Female,Chief Design Engineer
124,Parker,Demangeon,pdemangeon3f@etsy.com,Male,Senior Cost Accountant
125,Matthaeus,Feighry,mfeighry3g@archive.org,Male,Accountant IV
126,Ezra,Martinovsky,emartinovsky3h@blogspot.com,Male,Staff Scientist
127,Montague,Priditt,mpriditt3i@imageshack.us,Male,Quality Control Specialist
128,Iain,Jzak,ijzak3j@gnu.org,Male,Nurse Practicioner
129,Pauline,Banke,pbanke3k@kickstarter.com,Agender,Civil Engineer
130,Elston,Teager,eteager3l@weather.com,Male,Staff Accountant IV
131,Derek,Boyn,dboyn3m@google.nl,Male,VP Sales
132,Aeriell,Korpal,akorpal3n@ucsd.edu,Female,Health Coach II
133,Gannie,Castanos,gcastanos3o@woothemes.com,Male,Account Executive
134,Elvin,Lindup,elindup3p@bandcamp.com,Male,Librarian
135,Arv,Center,acenter3q@multiply.com,Non-binary,Librarian
136,Konstantin,Gooke,kgooke3r@livejournal.com,Male,Recruiting Manager
137,Joya,Tomowicz,jtomowicz3s@cbslocal.com,Female,Staff Accountant III
138,Cletus,Semaine,csemaine3t@soup.io,Male,Web Developer IV
139,Ilaire,Snuggs,isnuggs3u@businesswire.com,Male,Research Assistant I
140,Lisabeth,Jeske,ljeske3v@mediafire.com,Female,Editor
141,Binny,Giffard,bgiffard3w@bluehost.com,Genderqueer,Quality Control Specialist
142,Christyna,Treadgall,ctreadgall3x@ebay.com,Female,Desktop Support Technician
143,Sky,Sherlaw,ssherlaw3y@sina.com.cn,Male,Technical Writer
144,Elwood,Ketcher,eketcher3z@twitter.com,Male,Senior Sales Associate
145,Niles,MacEveley,nmaceveley40@prlog.org,Male,Desktop Support Technician
146,Fern,Dearsley,fdearsley41@hubpages.com,Female,Physical Therapy Assistant
147,Paxon,Goult,pgoult42@hp.com,Male,Community Outreach Specialist
148,Pincas,Arnoult,parnoult43@myspace.com,Male,Technical Writer
149,Auberon,Crombie,acrombie44@cnn.com,Male,Developer IV
150,Edee,Twoohy,etwoohy45@simplemachines.org,Female,Tax Accountant
151,Sonny,Hamlin,shamlin46@yellowbook.com,Male,Health Coach III
152,Fredek,Jory,fjory47@squidoo.com,Male,Software Engineer IV
153,Karlens,Kocher,kkocher48@un.org,Genderqueer,Desktop Support Technician
154,Amelita,Sturman,asturman49@uol.com.br,Female,Account Executive
155,Jenine,Tussaine,jtussaine4a@about.me,Female,Junior Executive
156,Garald,Kleinplac,gkleinplac4b@fotki.com,Male,Social Worker
157,Shaine,Ellington,sellington4c@google.cn,Female,Recruiter
158,Lesley,Salack,lsalack4d@accuweather.com,Non-binary,Nuclear Power Engineer
159,Lilias,Bolzmann,lbolzmann4e@mapy.cz,Female,Senior Developer
160,Betta,Ewert,bewert4f@businesswire.com,Female,VP Quality Control
161,Mariya,Mariette,mmariette4g@nifty.com,Female,Structural Analysis Engineer
162,Onfre,Gaddesby,ogaddesby4h@about.com,Male,Paralegal
163,David,Passey,dpassey4i@scientificamerican.com,Male,Staff Scientist
164,Orran,Linkie,olinkie4j@dion.ne.jp,Male,Senior Quality Engineer
165,Stanly,Hazart,shazart4k@apache.org,Male,Community Outreach Specialist
166,Henry,Keymer,hkeymer4l@sciencedaily.com,Bigender,Staff Scientist
167,Lewiss,Atheis,latheis4m@posterous.com,Non-binary,Senior Quality Engineer
168,Mollee,Boschmann,mboschmann4n@tmall.com,Female,Physical Therapy Assistant
169,Roslyn,Lengthorn,rlengthorn4o@aol.com,Female,Junior Executive
170,Lynette,Whisby,lwhisby4p@cbsnews.com,Female,Electrical Engineer
171,Francisca,Kirkam,fkirkam4q@ibm.com,Female,Social Worker
172,Ranna,Bradbeer,rbradbeer4r@spiegel.de,Female,Marketing Assistant
173,Waneta,Laugherane,wlaugherane4s@friendfeed.com,Female,Safety Technician I
174,Susette,Heinrici,sheinrici4t@dion.ne.jp,Female,Nuclear Power Engineer
175,Ivan,Neville,ineville4u@webeden.co.uk,Male,Business Systems Development Analyst
176,Isiahi,Bowmen,ibowmen4v@etsy.com,Male,Human Resources Assistant II
177,Irvine,Mannix,imannix4w@icq.com,Male,Business Systems Development Analyst
178,Andie,Allewell,aallewell4x@google.com.hk,Male,Systems Administrator II
179,Nolana,Tewkesbury,ntewkesbury4y@abc.net.au,Female,Biostatistician II
180,Dougie,Feake,dfeake4z@rediff.com,Genderqueer,Recruiting Manager
181,Silvio,Gusticke,sgusticke50@bloomberg.com,Male,Research Nurse
182,Vincents,Reading,vreading51@ask.com,Male,Systems Administrator IV
183,Bibbie,Duker,bduker52@acquirethisname.com,Female,Environmental Tech
184,Dario,Klammt,dklammt53@godaddy.com,Male,Systems Administrator IV
185,Myron,Rumney,mrumney54@ibm.com,Male,Quality Control Specialist
186,Ileana,Stealfox,istealfox55@unicef.org,Female,Senior Editor
187,Jenica,Flemming,jflemming56@altervista.org,Female,Registered Nurse
188,Dedie,Uttermare,duttermare57@webnode.com,Female,Developer I
189,Jaime,Dunklee,jdunklee58@goodreads.com,Male,Compensation Analyst
190,Phyllida,Pickup,ppickup59@wired.com,Female,Operator
191,Towney,Rodear,trodear5a@hhs.gov,Male,Web Developer IV
192,Mala,Eastes,meastes5b@chronoengine.com,Female,Health Coach IV
193,Frances,Cleeves,fcleeves5c@taobao.com,Female,Analog Circuit Design manager
194,Lindon,Cordery,lcordery5d@cisco.com,Male,Account Executive
195,Dante,Zarb,dzarb5e@drupal.org,Male,Administrative Officer
196,Beauregard,Kornas,bkornas5f@booking.com,Male,Senior Quality Engineer
197,Lawry,Eminson,leminson5g@youtube.com,Male,Associate Professor
198,Frasquito,Poile,fpoile5h@tripod.com,Bigender,Software Consultant
199,Georges,Sykes,gsykes5i@cocolog-nifty.com,Male,Operator
200,Reena,Necrews,rnecrews5j@wikispaces.com,Female,Senior Cost Accountant
201,Kirby,Bastian,kbastian5k@tumblr.com,Female,Payment Adjustment Coordinator
202,Danna,Patmore,dpatmore5l@nbcnews.com,Female,Pharmacist
203,Antonella,Corter,acorter5m@ezinearticles.com,Female,Senior Quality Engineer
204,Giustino,Byas,gbyas5n@ted.com,Male,Junior Executive
205,Abbe,Giblett,agiblett5o@wp.com,Female,Nurse
206,Smith,Moss,smoss5p@smugmug.com,Male,Assistant Media Planner
207,Terza,Seamarke,tseamarke5q@shop-pro.jp,Female,Senior Developer
208,Carlye,Muncer,cmuncer5r@ezinearticles.com,Female,Senior Editor
209,Earlie,Strothers,estrothers5s@census.gov,Male,Social Worker
210,Pip,Russi,prussi5t@hud.gov,Male,Community Outreach Specialist
211,Brynna,Sollas,bsollas5u@liveinternet.ru,Female,Tax Accountant
212,Godard,Klement,gklement5v@salon.com,Genderqueer,Community Outreach Specialist
213,Mary,Stitcher,mstitcher5w@over-blog.com,Female,Teacher
214,Klement,Darko,kdarko5x@gizmodo.com,Male,VP Accounting
215,Yardley,Juniper,yjuniper5y@domainmarket.com,Male,Paralegal
216,Ashbey,Carradice,acarradice5z@lycos.com,Male,Dental Hygienist
217,Lyndel,Charle,lcharle60@economist.com,Female,Chief Design Engineer
218,Lisbeth,Pennrington,lpennrington61@list-manage.com,Female,Web Developer IV
219,Garrett,Dongall,gdongall62@tripod.com,Male,Developer III
220,Putnem,Triggol,ptriggol63@sphinn.com,Male,Administrative Assistant IV
221,Janna,Decruse,jdecruse64@about.me,Female,Physical Therapy Assistant
222,Bartie,Thaine,bthaine65@soundcloud.com,Agender,Help Desk Technician
223,Cosimo,Camellini,ccamellini66@google.cn,Male,Librarian
224,Radcliffe,Duffil,rduffil67@reverbnation.com,Male,Software Consultant
225,Gennifer,Codd,gcodd68@bloomberg.com,Female,VP Quality Control
226,Cesaro,Sleigh,csleigh69@google.ru,Male,Account Representative I
227,Nev,Nassy,nnassy6a@unicef.org,Male,Chemical Engineer
228,Archambault,De Castri,adecastri6b@acquirethisname.com,Non-binary,Account Executive
229,Christel,Woolfitt,cwoolfitt6c@wp.com,Female,Operator
230,Cassy,Wasmuth,cwasmuth6d@arstechnica.com,Female,Research Assistant IV
231,Ronda,Anniwell,ranniwell6e@woothemes.com,Female,Research Associate
232,Reese,Ollivierre,rollivierre6f@addthis.com,Male,Nurse
233,Becky,Cockman,bcockman6g@nydailynews.com,Female,VP Sales
234,Wolfgang,Krier,wkrier6h@paypal.com,Male,Research Assistant II
235,Nathanial,Pyburn,npyburn6i@plala.or.jp,Male,VP Quality Control
236,Vinson,Fonzone,vfonzone6j@bigcartel.com,Male,Web Designer III
237,Dulce,Fomichkin,dfomichkin6k@sohu.com,Genderqueer,Marketing Manager
238,Nathalie,Bouch,nbouch6l@shinystat.com,Female,Recruiter
239,Sarah,Belvin,sbelvin6m@blogspot.com,Female,Senior Cost Accountant
240,Vonni,Thying,vthying6n@booking.com,Female,Associate Professor
241,Jemimah,Treweek,jtreweek6o@nifty.com,Female,Senior Developer
242,Lay,Hartburn,lhartburn6p@mlb.com,Male,Quality Control Specialist
243,Risa,Deer,rdeer6q@house.gov,Female,Analog Circuit Design manager
244,Aubrie,Swendell,aswendell6r@youku.com,Female,Safety Technician III
245,Marcelle,Striker,mstriker6s@elegantthemes.com,Female,Account Coordinator
246,Lucian,Honsch,lhonsch6t@wikimedia.org,Male,Office Assistant I
247,Ike,Wysome,iwysome6u@mashable.com,Male,Recruiter
248,Christoforo,Pinkie,cpinkie6v@cdbaby.com,Male,Executive Secretary
249,Alfi,Cow,acow6w@dailymail.co.uk,Female,Chemical Engineer
250,Robin,Everwin,reverwin6x@cafepress.com,Female,Nuclear Power Engineer
251,Orton,Styles,ostyles6y@ebay.com,Male,Staff Accountant II
252,Debby,Matthews,dmatthews6z@moonfruit.com,Female,Marketing Assistant
253,Rogerio,Carlesso,rcarlesso70@woothemes.com,Bigender,Account Coordinator
254,Jacob,O'Keaveny,jokeaveny71@feedburner.com,Male,Human Resources Assistant IV
255,Darill,Colwell,dcolwell72@reddit.com,Male,Budget/Accounting Analyst I
256,Lizzy,Sirrell,lsirrell73@smh.com.au,Female,Quality Engineer
257,Aland,Lynds,alynds74@vkontakte.ru,Male,Office Assistant II
258,Marci,Forrington,mforrington75@clickbank.net,Female,Design Engineer
259,Revkah,Storcke,rstorcke76@photobucket.com,Female,Assistant Manager
260,Aida,Purple,apurple77@japanpost.jp,Female,Staff Scientist
261,Wendall,Boulds,wboulds78@netlog.com,Male,Junior Executive
262,Malinda,Jikovsky,mjikovsky79@eventbrite.com,Female,Junior Executive
263,Chet,Hammerstone,chammerstone7a@businesswire.com,Male,Computer Systems Analyst IV
264,Irv,Le Sarr,ilesarr7b@zdnet.com,Male,Mechanical Systems Engineer
265,Jolie,Flemmich,jflemmich7c@behance.net,Female,VP Product Management
266,Judye,Villiers,jvilliers7d@xinhuanet.com,Female,VP Product Management
267,Bree,Royl,broyl7e@rakuten.co.jp,Female,Recruiting Manager
268,Livvie,Cruddace,lcruddace7f@bluehost.com,Female,Actuary
269,Barbette,Taphouse,btaphouse7g@sbwire.com,Female,Cost Accountant
270,Galen,Vest,gvest7h@pcworld.com,Male,Developer II
271,Haydon,Listone,hlistone7i@paypal.com,Male,Staff Scientist
272,Devina,Charrett,dcharrett7j@pbs.org,Female,VP Product Management
273,Hoebart,Dignon,hdignon7k@oakley.com,Male,Structural Engineer
274,Ray,Hugle,rhugle7l@google.co.jp,Female,VP Quality Control
275,Miriam,Barstowk,mbarstowk7m@cdbaby.com,Female,Account Coordinator
276,Athene,Mengo,amengo7n@admin.ch,Female,Marketing Assistant
277,Ardis,Le Friec,alefriec7o@dailymail.co.uk,Female,Administrative Officer
278,Tommie,Queste,tqueste7p@shutterfly.com,Female,Graphic Designer
279,Annabell,Burdfield,aburdfield7q@4shared.com,Female,VP Sales
280,Amalie,Joskowicz,ajoskowicz7r@sitemeter.com,Female,Senior Developer
281,Kevyn,Epton,kepton7s@tuttocitta.it,Female,Accounting Assistant IV
282,Krishna,Adderley,kadderley7t@spiegel.de,Male,Internal Auditor
283,Garrek,Koppke,gkoppke7u@51.la,Male,Geologist I
284,Imogen,Springer,ispringer7v@rambler.ru,Female,Junior Executive
285,Keriann,Piner,kpiner7w@jalbum.net,Female,Internal Auditor
286,Charita,Stapleton,cstapleton7x@boston.com,Female,Design Engineer
287,Maxie,Wardesworth,mwardesworth7y@addtoany.com,Male,Research Associate
288,Barbabra,Gue,bgue7z@fastcompany.com,Female,Professor
289,Jillane,Cloney,jcloney80@google.cn,Female,Senior Financial Analyst
290,Lavinie,Whitebread,lwhitebread81@msn.com,Female,Developer IV
291,Kippie,Penhallurick,kpenhallurick82@google.ru,Male,Product Engineer
292,Baily,McGarrity,bmcgarrity83@sun.com,Male,Web Designer I
293,Morty,Craigie,mcraigie84@ehow.com,Male,Registered Nurse
294,Mayor,Heam,mheam85@gravatar.com,Male,Geologist III
295,Colas,Charlwood,ccharlwood86@ucoz.ru,Male,Quality Control Specialist
296,Dusty,Cicconettii,dcicconettii87@t-online.de,Genderqueer,Research Assistant III
297,Hanson,Crocetti,hcrocetti88@technorati.com,Genderqueer,Structural Engineer
298,Joachim,Etridge,jetridge89@mail.ru,Male,Mechanical Systems Engineer
299,Irma,McCathay,imccathay8a@who.int,Female,Senior Cost Accountant
300,Robin,Enticott,renticott8b@g.co,Female,Quality Control Specialist
301,Merci,Worsell,mworsell8c@apache.org,Female,Senior Editor
302,Bayard,Augie,baugie8d@google.com.hk,Male,Executive Secretary
303,Calypso,Chatell,cchatell8e@china.com.cn,Female,Speech Pathologist
304,Dawna,D'Adamo,ddadamo8f@boston.com,Female,Research Associate
305,Linnell,Baudry,lbaudry8g@miitbeian.gov.cn,Female,Assistant Manager
306,Laurens,Rosenwasser,lrosenwasser8h@technorati.com,Agender,Quality Control Specialist
307,Keeley,Dachey,kdachey8i@sina.com.cn,Female,VP Accounting
308,Daryl,Adiscot,dadiscot8j@gnu.org,Male,Programmer I
309,Jordana,Jubert,jjubert8k@slideshare.net,Bigender,Professor
310,Latrena,Edden,ledden8l@comsenz.com,Female,Internal Auditor
311,Emelyne,Darmody,edarmody8m@skyrock.com,Female,Sales Representative
312,Farrah,Canepe,fcanepe8n@woothemes.com,Female,Research Assistant IV
313,Kalindi,Leyban,kleyban8o@naver.com,Female,Senior Quality Engineer
314,Roarke,Duxbury,rduxbury8p@cloudflare.com,Male,Software Consultant
315,Bert,Casaletto,bcasaletto8q@mashable.com,Male,Professor
316,Faustine,Gregoli,fgregoli8r@amazon.co.jp,Female,Senior Sales Associate
317,Penni,Pachta,ppachta8s@columbia.edu,Female,Assistant Manager
318,Erhard,Canland,ecanland8t@ibm.com,Male,Human Resources Assistant I
319,Eula,Domini,edomini8u@printfriendly.com,Female,Product Engineer
320,Gayle,Gilbeart,ggilbeart8v@simplemachines.org,Polygender,Accounting Assistant I
321,Iolande,Kleuer,ikleuer8w@earthlink.net,Female,Staff Accountant I
322,Art,Ollier,aollier8x@myspace.com,Male,Assistant Media Planner
323,Lutero,Dye,ldye8y@ftc.gov,Male,Information Systems Manager
324,Wallache,Witsey,wwitsey8z@samsung.com,Male,Director of Sales
325,Hamnet,Pentelow,hpentelow90@miibeian.gov.cn,Genderqueer,Developer IV
326,Olwen,Josefs,ojosefs91@blogtalkradio.com,Female,Software Consultant
327,Hamlen,Cottem,hcottem92@biblegateway.com,Male,Developer III
328,Sherm,Donativo,sdonativo93@mtv.com,Male,Staff Scientist
329,Maggee,Belfrage,mbelfrage94@microsoft.com,Female,Associate Professor
330,Byram,Heinemann,bheinemann95@washington.edu,Male,Senior Financial Analyst
331,Obidiah,Devennie,odevennie96@networkadvertising.org,Male,Administrative Assistant II
332,Hillary,Unworth,hunworth97@nymag.com,Female,Food Chemist
333,Garald,O'Hegertie,gohegertie98@blogtalkradio.com,Male,Software Test Engineer III
334,Edsel,Lasslett,elasslett99@eepurl.com,Male,Research Assistant IV
335,Veronike,Hassard,vhassard9a@tinyurl.com,Female,Chief Design Engineer
336,Alix,Doey,adoey9b@paginegialle.it,Male,Editor
337,Cassey,Lamlin,clamlin9c@51.la,Female,Chief Design Engineer
338,Bowie,Nelhams,bnelhams9d@tmall.com,Male,Recruiting Manager
339,Alvan,Gong,agong9e@free.fr,Male,Actuary
340,Roxana,Filby,rfilby9f@stumbleupon.com,Female,Recruiter
341,Kellby,Goldie,kgoldie9g@lycos.com,Male,Research Assistant III
342,Albrecht,Teliga,ateliga9h@yandex.ru,Genderfluid,Associate Professor
343,Eldin,L'Amie,elamie9i@archive.org,Polygender,Financial Advisor
344,Elfrida,Clabburn,eclabburn9j@icq.com,Female,Structural Engineer
345,Wynny,Schultheiss,wschultheiss9k@wikia.com,Female,GIS Technical Architect
346,Kendrick,Weaben,kweaben9l@mapy.cz,Male,Senior Quality Engineer
347,Friedrick,Fishpoole,ffishpoole9m@shareasale.com,Male,Marketing Manager
348,Grange,Edgler,gedgler9n@google.com.au,Male,Analyst Programmer
349,Dannye,Bramford,dbramford9o@elpais.com,Female,Budget/Accounting Analyst III
350,Zorana,Bantock,zbantock9p@cbsnews.com,Female,Account Executive
351,Corliss,Knightsbridge,cknightsbridge9q@1und1.de,Female,Technical Writer
352,Patrizius,Levet,plevet9r@ning.com,Genderqueer,VP Product Management
353,Hillary,Owttrim,howttrim9s@patch.com,Male,Safety Technician I
354,Lyn,Gateley,lgateley9t@harvard.edu,Male,Systems Administrator III
355,Karry,Alfonso,kalfonso9u@sakura.ne.jp,Female,Paralegal
356,Reena,Troman,rtroman9v@time.com,Female,Developer IV
357,Theobald,Slora,tslora9w@php.net,Polygender,Nurse Practicioner
358,Abby,Dunabie,adunabie9x@ask.com,Female,Senior Editor
359,Lara,Yellep,lyellep9y@who.int,Female,Health Coach II
360,Ramsay,Southerns,rsoutherns9z@over-blog.com,Male,Analyst Programmer
361,Everett,Salzburg,esalzburga0@icq.com,Male,Occupational Therapist
362,Archy,Beinisch,abeinischa1@51.la,Male,Environmental Specialist
363,Anette,Tilling,atillinga2@google.cn,Female,GIS Technical Architect
364,Erik,Cano,ecanoa3@wired.com,Male,Senior Developer
365,Clary,Chasmor,cchasmora4@prnewswire.com,Female,Project Manager
366,Caryl,Hallad,challada5@360.cn,Female,Assistant Manager
367,Abie,Scholcroft,ascholcrofta6@prweb.com,Male,Recruiting Manager
368,Harmonie,Reppaport,hreppaporta7@nytimes.com,Female,Web Designer II
369,Guillaume,Tolossi,gtolossia8@nymag.com,Male,Software Engineer IV
370,Zorana,Fredi,zfredia9@sphinn.com,Agender,Staff Scientist
371,Guthrey,Gilmour,ggilmouraa@biblegateway.com,Male,Statistician II
372,Clevey,Juleff,cjuleffab@wix.com,Agender,Accounting Assistant IV
373,Gwenneth,Whiterod,gwhiterodac@answers.com,Female,Help Desk Technician
374,Lewes,Chritchlow,lchritchlowad@youku.com,Male,Librarian
375,Cosette,Lytlle,clytlleae@forbes.com,Female,Data Coordinator
376,Kellen,Langelay,klangelayaf@pcworld.com,Male,Marketing Manager
377,Johna,Girhard,jgirhardag@cdbaby.com,Female,Nurse
378,Jamaal,Monnery,jmonneryah@bravesites.com,Male,Accountant IV
379,Zachery,Preto,zpretoai@so-net.ne.jp,Genderqueer,VP Sales
380,Lorilyn,Bartley,lbartleyaj@google.it,Female,Quality Engineer
381,Zedekiah,Martynov,zmartynovak@nhs.uk,Male,Health Coach III
382,Katerine,Mainds,kmaindsal@blog.com,Female,Sales Representative
383,Clarie,Faire,cfaiream@nydailynews.com,Female,Electrical Engineer
384,Darci,Wraight,dwraightan@cocolog-nifty.com,Female,Pharmacist
385,Lucina,Corish,lcorishao@forbes.com,Female,Nurse Practicioner
386,Rosamund,Michelmore,rmichelmoreap@github.io,Female,Marketing Manager
387,Magdaia,Titman,mtitmanaq@1688.com,Female,VP Accounting
388,Quillan,Bezants,qbezantsar@bloglines.com,Male,Accounting Assistant III
389,Land,Allain,lallainas@techcrunch.com,Male,Chemical Engineer
390,Hazlett,Skettles,hskettlesat@phoca.cz,Male,Environmental Tech
391,Alexandros,Djordjevic,adjordjevicau@archive.org,Male,VP Product Management
392,Broderick,Jillings,bjillingsav@gravatar.com,Male,Web Designer I
393,Mikaela,Garnul,mgarnulaw@opensource.org,Female,Compensation Analyst
394,Giulietta,Aslet,gasletax@paypal.com,Female,Account Executive
395,Paulie,Cuffe,pcuffeay@eventbrite.com,Male,Teacher
396,Ginni,Dewire,gdewireaz@illinois.edu,Female,Research Associate
397,Codi,Beak,cbeakb0@arizona.edu,Female,Senior Financial Analyst
398,Teddie,Clemmens,tclemmensb1@jigsy.com,Female,Senior Financial Analyst
399,Lonnard,Durnford,ldurnfordb2@businessinsider.com,Male,Paralegal
400,Misty,Tettersell,mtettersellb3@princeton.edu,Female,Social Worker
401,Leigh,Granleese,lgranleeseb4@mac.com,Male,Help Desk Operator
402,Sherm,Boner,sbonerb5@un.org,Male,Compensation Analyst
403,Jareb,Burcher,jburcherb6@usgs.gov,Male,Sales Representative
404,Cordula,Hambridge,chambridgeb7@freewebs.com,Female,VP Sales
405,Oran,Sheryne,osheryneb8@wp.com,Male,Chief Design Engineer
406,Linnell,Boissier,lboissierb9@wikia.com,Female,Physical Therapy Assistant
407,Boigie,Biscomb,bbiscombba@webmd.com,Male,Cost Accountant
408,Ripley,Madelin,rmadelinbb@engadget.com,Male,Media Manager IV
409,Jorry,Voller,jvollerbc@scribd.com,Genderfluid,Geological Engineer
410,Charmine,Tomasello,ctomasellobd@usatoday.com,Female,Structural Engineer
411,Fredrick,Danilov,fdanilovbe@ameblo.jp,Male,Marketing Manager
412,Haley,Devereux,hdevereuxbf@amazonaws.com,Female,Clinical Specialist
413,Ranique,Cosson,rcossonbg@unblog.fr,Female,Marketing Manager
414,Marleen,Mattingson,mmattingsonbh@adobe.com,Female,Structural Analysis Engineer
415,Francyne,Feaster,ffeasterbi@economist.com,Agender,Occupational Therapist
416,Magdaia,Lohan,mlohanbj@rediff.com,Female,Analyst Programmer
417,Alden,Castenda,acastendabk@friendfeed.com,Male,Senior Quality Engineer
418,Warden,Karchowski,wkarchowskibl@posterous.com,Bigender,VP Marketing
419,Kristin,Haukey,khaukeybm@mlb.com,Female,Health Coach IV
420,Dionis,Monck,dmonckbn@hp.com,Female,Chemical Engineer
421,Greta,Seeley,gseeleybo@blog.com,Female,Automation Specialist IV
422,Denyse,Coyte,dcoytebp@liveinternet.ru,Female,Senior Financial Analyst
423,Rahel,Cicco,rciccobq@hp.com,Female,Compensation Analyst
424,Candie,Custed,ccustedbr@slashdot.org,Female,Product Engineer
425,Valry,Ickovits,vickovitsbs@storify.com,Bigender,Account Executive
426,Krissie,Schimaschke,kschimaschkebt@europa.eu,Bigender,Compensation Analyst
427,Ashely,Carreck,acarreckbu@mysql.com,Female,Financial Advisor
428,Boone,Goddard,bgoddardbv@delicious.com,Male,Developer IV
429,Bondy,Smelley,bsmelleybw@ca.gov,Male,Business Systems Development Analyst
430,Derron,Funcheon,dfuncheonbx@wikipedia.org,Male,Associate Professor
431,Carlyle,Lomaz,clomazby@exblog.jp,Polygender,Engineer IV
432,Elinore,Bosson,ebossonbz@sciencedaily.com,Female,Sales Representative
433,Marris,Breache,mbreachec0@ycombinator.com,Female,Marketing Manager
434,Cate,Andriolli,candriollic1@hugedomains.com,Bigender,Project Manager
435,Risa,Gallelli,rgallellic2@google.com,Female,Tax Accountant
436,Rich,Nisbet,rnisbetc3@dot.gov,Male,Research Assistant III
437,Janaye,Veel,jveelc4@gizmodo.com,Female,VP Quality Control
438,Olympia,Snare,osnarec5@github.io,Female,Research Associate
439,Fania,Behn,fbehnc6@sciencedaily.com,Female,Automation Specialist III
440,Mayor,Humble,mhumblec7@free.fr,Male,Senior Developer
441,Norry,MacCaig,nmaccaigc8@bloomberg.com,Bigender,Graphic Designer
442,Reiko,Tasseler,rtasselerc9@nationalgeographic.com,Female,Programmer II
443,Jerrilee,Girardeau,jgirardeauca@spiegel.de,Female,Quality Control Specialist
444,Erna,Roden,erodencb@uiuc.edu,Female,Biostatistician III
445,Roxie,Meco,rmecocc@canalblog.com,Non-binary,Senior Sales Associate
446,Shalna,McCoole,smccoolecd@godaddy.com,Female,Cost Accountant
447,Ilysa,Berger,ibergerce@nifty.com,Female,Editor
448,Klemens,Jopke,kjopkecf@msu.edu,Male,Junior Executive
449,Lauritz,Ovey,loveycg@usatoday.com,Male,Civil Engineer
450,Jolyn,Brampton,jbramptonch@netscape.com,Female,Electrical Engineer
451,Tyler,Crone,tcroneci@dailymotion.com,Bigender,Senior Cost Accountant
452,Cy,Trevance,ctrevancecj@list-manage.com,Male,Nurse
453,Pascale,McKerrow,pmckerrowck@exblog.jp,Male,Product Engineer
454,Farlay,Hans,fhanscl@gizmodo.com,Male,Engineer II
455,Brit,Rubanenko,brubanenkocm@discovery.com,Male,Nurse Practicioner
456,Scotty,Lissett,slissettcn@abc.net.au,Genderfluid,Budget/Accounting Analyst I
457,Theressa,Ortsmann,tortsmannco@sciencedaily.com,Female,Chief Design Engineer
458,Thebault,Skala,tskalacp@tamu.edu,Male,Statistician II
459,Greggory,Hecks,gheckscq@hud.gov,Male,Teacher
460,Norina,Gimbart,ngimbartcr@pcworld.com,Female,Civil Engineer
461,Leslie,Delagua,ldelaguacs@pinterest.com,Female,Occupational Therapist
462,Britte,Pattisson,bpattissonct@nhs.uk,Female,Account Executive
463,Kalie,Dyott,kdyottcu@prweb.com,Female,Environmental Specialist
464,Brigid,Frobisher,bfrobishercv@diigo.com,Female,Actuary
465,Engracia,Rowan,erowancw@illinois.edu,Female,Analog Circuit Design manager
466,Herrick,Cory,hcorycx@rakuten.co.jp,Male,Account Executive
467,Torrance,Barr,tbarrcy@yellowpages.com,Male,Human Resources Assistant IV
468,Bobby,Schukraft,bschukraftcz@angelfire.com,Male,VP Quality Control
469,Johnette,Atteridge,jatteridged0@aol.com,Genderfluid,Senior Financial Analyst
470,Augustine,Guthrie,aguthried1@ibm.com,Female,Information Systems Manager
471,Odella,Rymill,orymilld2@usda.gov,Female,Help Desk Technician
472,Lusa,Towl,ltowld3@pbs.org,Non-binary,Speech Pathologist
473,Tildy,Loveman,tlovemand4@va.gov,Non-binary,Design Engineer
474,Jada,Scoble,jscobled5@ameblo.jp,Female,Recruiter
475,Demetri,Flancinbaum,dflancinbaumd6@utexas.edu,Male,Human Resources Manager
476,Lawrence,Peron,lperond7@naver.com,Male,Media Manager III
477,Kirbee,Blackbourn,kblackbournd8@salon.com,Female,Cost Accountant
478,Emelen,Malcolm,emalcolmd9@domainmarket.com,Male,VP Marketing
479,Lotta,Gritland,lgritlandda@cnbc.com,Female,Occupational Therapist
480,Kev,Surcombe,ksurcombedb@tripod.com,Polygender,Payment Adjustment Coordinator
481,Mose,Smissen,msmissendc@jugem.jp,Male,Environmental Specialist
482,Torrence,Milsom,tmilsomdd@eventbrite.com,Male,Systems Administrator IV
483,Anneliese,Klemencic,aklemencicde@constantcontact.com,Female,Software Test Engineer III
484,Ardeen,Chadband,achadbanddf@webs.com,Polygender,Statistician II
485,Bryan,Hallgath,bhallgathdg@simplemachines.org,Male,Teacher
486,Abran,Charley,acharleydh@hubpages.com,Non-binary,Paralegal
487,Tatum,Copo,tcopodi@patch.com,Female,Teacher
488,Aldin,Galletly,agalletlydj@alexa.com,Male,Electrical Engineer
489,Hendrik,McEwen,hmcewendk@people.com.cn,Male,GIS Technical Architect
490,Janene,Menlow,jmenlowdl@nydailynews.com,Female,Help Desk Technician
491,Uri,McCool,umccooldm@wunderground.com,Male,Programmer Analyst IV
492,Christoffer,Stefi,cstefidn@etsy.com,Male,Director of Sales
493,Cara,Ondrasek,condrasekdo@blog.com,Female,Nurse
494,Linell,Molnar,lmolnardp@techcrunch.com,Female,Product Engineer
495,Giusto,Tume,gtumedq@npr.org,Male,Assistant Manager
496,Faustina,Chadbourne,fchadbournedr@chronoengine.com,Female,Senior Sales Associate
497,Erek,McMackin,emcmackinds@google.com.au,Male,Systems Administrator II
498,Angelita,Wolfendell,awolfendelldt@typepad.com,Female,Executive Secretary
499,Marilyn,Spenley,mspenleydu@baidu.com,Female,Accounting Assistant III
500,Bealle,Tolson,btolsondv@nymag.com,Male,Statistician II
501,Pattie,Sowman,psowmandw@4shared.com,Male,VP Quality Control
502,Nathanil,Bethel,nbetheldx@amazon.co.jp,Male,Database Administrator II
503,Murielle,Swigg,mswiggdy@cisco.com,Female,Research Associate
504,Daisey,Hedney,dhedneydz@buzzfeed.com,Female,Design Engineer
505,Reinald,Stollard,rstollarde0@pbs.org,Male,Occupational Therapist
506,Davis,Muccino,dmuccinoe1@jalbum.net,Male,Human Resources Assistant I
507,Arvin,Kinloch,akinloche2@rakuten.co.jp,Male,Administrative Officer
508,Serene,Hing,shinge3@chronoengine.com,Female,Marketing Assistant
509,Hinze,Toop,htoope4@wired.com,Male,VP Marketing
510,Reece,Ivett,rivette5@statcounter.com,Male,Civil Engineer
511,Abbey,Masser,amassere6@amazon.com,Female,Automation Specialist III
512,Ailis,Yonnie,ayonniee7@wordpress.com,Female,Research Assistant IV
513,Lainey,Hasley,lhasleye8@etsy.com,Female,Social Worker
514,Ilyssa,Spiniello,ispinielloe9@sourceforge.net,Female,Programmer III
515,Gaby,Eastlake,geastlakeea@naver.com,Male,General Manager
516,Felike,Varnals,fvarnalseb@mozilla.com,Male,Director of Sales
517,Brenden,Petrescu,bpetrescuec@redcross.org,Male,Compensation Analyst
518,Janel,Bordis,jbordised@dion.ne.jp,Female,Senior Quality Engineer
519,Arnoldo,Willets,awilletsee@businessinsider.com,Male,Nuclear Power Engineer
520,Dar,Josipovitz,djosipovitzef@furl.net,Male,Data Coordinator
521,Hinze,Trever,htrevereg@wordpress.org,Male,Tax Accountant
522,Violette,Bentick,vbentickeh@mail.ru,Female,Budget/Accounting Analyst I
523,Hube,Tunnicliff,htunnicliffei@csmonitor.com,Male,VP Product Management
524,Gnni,Bullman,gbullmanej@house.gov,Female,Professor
525,Maddie,Dyott,mdyottek@ovh.net,Male,Community Outreach Specialist
526,Clayson,Choulerton,cchoulertonel@fema.gov,Male,VP Product Management
527,Helen,Belchamp,hbelchampem@ovh.net,Female,Systems Administrator III
528,Benita,Hover,bhoveren@nyu.edu,Female,Media Manager IV
529,Karena,Dooland,kdoolandeo@tumblr.com,Female,Staff Scientist
530,Demetre,Lock,dlockep@cmu.edu,Agender,Information Systems Manager
531,Mathilde,Corriea,mcorrieaeq@homestead.com,Female,Programmer Analyst IV
532,Tootsie,Gellert,tgellerter@weebly.com,Female,Analyst Programmer
533,Christie,O'Shesnan,coshesnanes@cnn.com,Male,Chemical Engineer
534,Tandi,Dalgarno,tdalgarnoet@mapy.cz,Female,Web Developer I
535,Anson,Braffington,abraffingtoneu@buzzfeed.com,Male,Sales Associate
536,Amalie,Pickaver,apickaverev@imdb.com,Female,Engineer III
537,Kelcey,Romayn,kromaynew@jigsy.com,Female,Teacher
538,Darci,Blackaller,dblackallerex@digg.com,Female,Tax Accountant
539,Skipton,Dickens,sdickensey@newsvine.com,Male,VP Marketing
540,Darline,MacCarlich,dmaccarlichez@ft.com,Female,Registered Nurse
541,Nadia,Messenbird,nmessenbirdf0@gizmodo.com,Female,Product Engineer
542,Kendell,Garret,kgarretf1@youtu.be,Male,Senior Financial Analyst
543,Saxe,Descroix,sdescroixf2@sitemeter.com,Male,Systems Administrator II
544,Quinta,Mc Meekin,qmcmeekinf3@ning.com,Female,Professor
545,Axel,Leipnik,aleipnikf4@goodreads.com,Male,Accounting Assistant II
546,Kaylyn,Barbosa,kbarbosaf5@rediff.com,Female,Research Assistant II
547,Tiertza,Spriggin,tsprigginf6@nytimes.com,Female,Statistician III
548,Elfie,Looney,elooneyf7@vinaora.com,Female,Associate Professor
549,Gregor,Bardwall,gbardwallf8@technorati.com,Male,General Manager
550,Geno,Blei,gbleif9@archive.org,Male,Help Desk Technician
551,Merilee,Shedd,msheddfa@eventbrite.com,Female,Geological Engineer
552,Livvyy,Went,lwentfb@wiley.com,Female,Accounting Assistant I
553,Meryl,Ancketill,mancketillfc@abc.net.au,Male,Structural Engineer
554,Sherill,Georg,sgeorgfd@amazonaws.com,Female,Editor
555,Sancho,Loddy,sloddyfe@fc2.com,Male,Sales Representative
556,Ruthann,Bettlestone,rbettlestoneff@1und1.de,Female,Internal Auditor
557,Jeannette,O'Fielly,jofiellyfg@nba.com,Female,Structural Analysis Engineer
558,Danya,Verduin,dverduinfh@bbb.org,Male,Systems Administrator III
559,Bernard,Kondratenya,bkondratenyafi@latimes.com,Male,Statistician III
560,Kaitlin,Mackilpatrick,kmackilpatrickfj@ovh.net,Female,Safety Technician IV
561,Brianne,Ruddin,bruddinfk@domainmarket.com,Female,Data Coordinator
562,Floyd,Huyton,fhuytonfl@scientificamerican.com,Male,Web Developer I
563,Eimile,Bayston,ebaystonfm@woothemes.com,Female,Dental Hygienist
564,Violante,Blasetti,vblasettifn@paginegialle.it,Female,Web Developer I
565,Fey,Ovens,fovensfo@spotify.com,Female,Programmer Analyst II
566,Quent,Cozzi,qcozzifp@delicious.com,Male,Web Designer II
567,Gib,Le Fleming,gleflemingfq@yandex.ru,Male,Nurse
568,Herby,Zannotelli,hzannotellifr@vistaprint.com,Male,Recruiting Manager
569,Dudley,Gooders,dgoodersfs@joomla.org,Male,Environmental Tech
570,Miguela,Lias,mliasft@ed.gov,Agender,Account Executive
571,Ardath,Timmens,atimmensfu@msu.edu,Female,VP Sales
572,Lawry,Pavese,lpavesefv@sphinn.com,Male,Clinical Specialist
573,Christiano,Lenormand,clenormandfw@twitter.com,Agender,Food Chemist
574,Nanci,Gilhouley,ngilhouleyfx@apache.org,Female,Automation Specialist IV
575,Roxana,Stiegar,rstiegarfy@eventbrite.com,Female,Civil Engineer
576,Donella,McKmurrie,dmckmurriefz@columbia.edu,Female,Staff Scientist
577,Lek,MacFarlane,lmacfarlaneg0@nps.gov,Male,Paralegal
578,Donavon,Nancekivell,dnancekivellg1@alexa.com,Male,Desktop Support Technician
579,Eldin,Burgot,eburgotg2@fc2.com,Male,Account Coordinator
580,Constantine,Haliburton,chaliburtong3@noaa.gov,Male,Project Manager
581,Ody,Breissan,obreissang4@wisc.edu,Male,Sales Associate
582,Min,Howerd,mhowerdg5@flickr.com,Female,VP Product Management
583,Leodora,Mucklestone,lmucklestoneg6@wp.com,Non-binary,Recruiting Manager
584,Gabriello,Coger,gcogerg7@amazon.com,Male,Analyst Programmer
585,Myrtle,Struan,mstruang8@wufoo.com,Polygender,Budget/Accounting Analyst I
586,Kary,Andrey,kandreyg9@youtube.com,Female,Media Manager III
587,Vera,Doogood,vdoogoodga@is.gd,Female,Operator
588,Federica,Tourne,ftournegb@twitter.com,Female,Assistant Manager
589,Roze,McDougle,rmcdouglegc@discovery.com,Female,Graphic Designer
590,Gris,Parlour,gparlourgd@discuz.net,Male,Programmer IV
591,Ardra,MacBey,amacbeyge@webeden.co.uk,Female,Senior Quality Engineer
592,Bette,Souttar,bsouttargf@quantcast.com,Female,Recruiter
593,Rickie,De Caroli,rdecaroligg@zimbio.com,Male,Compensation Analyst
594,Callida,Galilee,cgalileegh@domainmarket.com,Female,Software Engineer I
595,Armand,Sich,asichgi@cnbc.com,Male,Programmer IV
596,Aldwin,Lehr,alehrgj@shareasale.com,Male,Community Outreach Specialist
597,Hedy,Hinks,hhinksgk@yahoo.com,Female,Operator
598,Cletus,Pedrozzi,cpedrozzigl@nature.com,Male,Structural Engineer
599,Gillan,Marciek,gmarciekgm@unc.edu,Female,Programmer Analyst IV
600,Mathian,Cockman,mcockmangn@hostgator.com,Male,Biostatistician II
601,Chase,Brimilcome,cbrimilcomego@instagram.com,Male,Structural Engineer
602,Siusan,McNeice,smcneicegp@nationalgeographic.com,Female,Recruiting Manager
603,Dyann,Bolzen,dbolzengq@macromedia.com,Bigender,Database Administrator II
604,Cary,Minillo,cminillogr@google.cn,Female,Operator
605,Elisha,Lafflina,elafflinags@foxnews.com,Male,Civil Engineer
606,Revkah,Titterton,rtittertongt@nps.gov,Female,Desktop Support Technician
607,Dion,Bellany,dbellanygu@soup.io,Female,Assistant Professor
608,Garland,Melluish,gmelluishgv@imageshack.us,Female,Financial Advisor
609,Dom,Jeannequin,djeannequingw@imgur.com,Male,Quality Control Specialist
610,Tallie,Speddin,tspeddingx@techcrunch.com,Male,Staff Accountant IV
611,Regina,Bowland,rbowlandgy@auda.org.au,Female,Editor
612,Paddy,McCutheon,pmccutheongz@wikipedia.org,Male,Data Coordinator
613,Elbertine,Grogono,egrogonoh0@ucoz.com,Polygender,Nuclear Power Engineer
614,Viole,Kempton,vkemptonh1@seattletimes.com,Female,Quality Engineer
615,Dolores,Meneo,dmeneoh2@yelp.com,Female,Assistant Manager
616,Martynne,Gotmann,mgotmannh3@biglobe.ne.jp,Female,Web Developer IV
617,Kip,Schwerin,kschwerinh4@tmall.com,Male,Analog Circuit Design manager
618,Zora,Probbin,zprobbinh5@princeton.edu,Female,Human Resources Manager
619,Marco,Rime,mrimeh6@reference.com,Male,Programmer II
620,Kirk,Eyden,keydenh7@reverbnation.com,Male,Geologist IV
621,Veriee,Featherston,vfeatherstonh8@xrea.com,Female,Research Associate
622,Neal,Grimmert,ngrimmerth9@goo.ne.jp,Male,Information Systems Manager
623,Frazier,Burford,fburfordha@google.cn,Male,Chief Design Engineer
624,Malachi,Sokill,msokillhb@wikispaces.com,Male,Electrical Engineer
625,Krystal,Cobbin,kcobbinhc@zimbio.com,Female,Senior Financial Analyst
626,Nikolaus,Eich,neichhd@technorati.com,Male,Graphic Designer
627,Madelyn,MacNally,mmacnallyhe@example.com,Female,Computer Systems Analyst I
628,Jarad,Iacobassi,jiacobassihf@unesco.org,Male,Computer Systems Analyst II
629,Andreana,Graffham,agraffhamhg@studiopress.com,Female,Quality Engineer
630,Ingeborg,Reedy,ireedyhh@github.io,Female,Account Executive
631,Orelle,Frankom,ofrankomhi@cpanel.net,Agender,Engineer III
632,Emelia,Tock,etockhj@so-net.ne.jp,Female,Nuclear Power Engineer
633,Ursula,Seacroft,useacrofthk@1688.com,Female,Dental Hygienist
634,Tobey,Tallis,ttallishl@ed.gov,Female,Graphic Designer
635,Frasier,Roderham,froderhamhm@marriott.com,Male,Environmental Tech
636,Mari,Lineen,mlineenhn@mediafire.com,Female,Cost Accountant
637,Ilsa,Mingo,imingoho@google.com.hk,Female,Dental Hygienist
638,Sunny,Grafom,sgrafomhp@gnu.org,Female,Speech Pathologist
639,Vlad,Edger,vedgerhq@google.pl,Male,VP Quality Control
640,Lars,Snodin,lsnodinhr@alibaba.com,Male,Desktop Support Technician
641,Arturo,Lane,alanehs@newsvine.com,Male,Chemical Engineer
642,Sean,Sherreard,ssherreardht@who.int,Female,Recruiting Manager
643,Loralee,Forrester,lforresterhu@shareasale.com,Female,Director of Sales
644,Edna,Tangye,etangyehv@noaa.gov,Female,Health Coach I
645,Kelsy,Hutcheons,khutcheonshw@soup.io,Female,Programmer Analyst IV
646,Dukie,Simonel,dsimonelhx@boston.com,Male,Accountant I
647,Allyson,Oldcroft,aoldcrofthy@illinois.edu,Female,Chemical Engineer
648,Carolina,Andreucci,candreuccihz@ezinearticles.com,Agender,Senior Financial Analyst
649,Abdul,Ayshford,aayshfordi0@bizjournals.com,Male,Help Desk Technician
650,Ash,Taft,atafti1@about.com,Male,VP Quality Control
651,Marilyn,Cackett,mcacketti2@4shared.com,Female,Librarian
652,Seamus,Gayler,sgayleri3@who.int,Male,Senior Quality Engineer
653,Rafaellle,Jachimiak,rjachimiaki4@bloglovin.com,Male,Data Coordinator
654,Vincent,Shekle,vsheklei5@flavors.me,Male,Health Coach III
655,Kelly,Bresland,kbreslandi6@chronoengine.com,Genderfluid,Business Systems Development Analyst
656,Gearalt,de Chastelain,gdechastelaini7@ocn.ne.jp,Male,GIS Technical Architect
657,Lauritz,Bennett,lbennetti8@discuz.net,Male,Safety Technician I
658,Russ,Hyde-Chambers,rhydechambersi9@gmpg.org,Male,Media Manager III
659,Pearle,Maker,pmakeria@scientificamerican.com,Female,Speech Pathologist
660,Thaxter,McNysche,tmcnyscheib@youtube.com,Male,Engineer I
661,Lane,Culbard,lculbardic@nhs.uk,Male,Social Worker
662,Wake,Gosnell,wgosnellid@nytimes.com,Male,Analog Circuit Design manager
663,Kerwinn,McClay,kmcclayie@fastcompany.com,Male,Assistant Manager
664,Rebe,McMarquis,rmcmarquisif@usda.gov,Agender,Social Worker
665,Palm,Atrill,patrillig@cpanel.net,Non-binary,Social Worker
666,Tera,Holburn,tholburnih@csmonitor.com,Genderfluid,Community Outreach Specialist
667,Rafe,Lorens,rlorensii@usnews.com,Male,Accountant I
668,Donella,Itscovitz,ditscovitzij@va.gov,Non-binary,Junior Executive
669,Lanie,Brumpton,lbrumptonik@yahoo.co.jp,Female,Programmer IV
670,Siusan,Van Cassel,svancasselil@un.org,Genderqueer,Health Coach I
671,Austin,Grise,agriseim@is.gd,Female,Tax Accountant
672,Lorrin,Dedney,ldedneyin@livejournal.com,Female,Help Desk Operator
673,Darice,Willett,dwillettio@indiatimes.com,Female,Recruiter
674,Edvard,Roggers,eroggersip@wikimedia.org,Male,Nuclear Power Engineer
675,Gabriello,MacMarcuis,gmacmarcuisiq@narod.ru,Male,Assistant Manager
676,Linzy,Mitchard,lmitchardir@yellowpages.com,Female,Senior Cost Accountant
677,Huberto,Filippello,hfilippellois@technorati.com,Male,Senior Editor
678,Jesse,Maile,jmaileit@yelp.com,Male,Data Coordinator
679,Ernie,Van der Brugge,evanderbruggeiu@arstechnica.com,Male,Administrative Assistant II
680,Cort,Mahy,cmahyiv@whitehouse.gov,Male,Director of Sales
681,Roman,MacNalley,rmacnalleyiw@blogtalkradio.com,Male,Staff Accountant IV
682,Bradford,Lundie,blundieix@taobao.com,Male,Research Nurse
683,Arleyne,Acreman,aacremaniy@fotki.com,Female,Librarian
684,Bevvy,Lambis,blambisiz@liveinternet.ru,Female,Nuclear Power Engineer
685,Desmond,Joblin,djoblinj0@spiegel.de,Male,Account Executive
686,Tami,Beardon,tbeardonj1@cdc.gov,Female,Budget/Accounting Analyst II
687,Carlos,Clarycott,cclarycottj2@sciencedirect.com,Male,Social Worker
688,Pepe,Fossey,pfosseyj3@ted.com,Male,Internal Auditor
689,Madella,Klimowicz,mklimowiczj4@addthis.com,Female,Office Assistant III
690,Jaynell,Bonwick,jbonwickj5@photobucket.com,Female,Payment Adjustment Coordinator
691,Bret,Nuttey,bnutteyj6@phpbb.com,Male,Senior Cost Accountant
692,Lurline,Cranmer,lcranmerj7@weebly.com,Female,VP Marketing
693,Abelard,Sealy,asealyj8@clickbank.net,Genderqueer,Product Engineer
694,Wood,Filyakov,wfilyakovj9@yahoo.co.jp,Non-binary,Senior Developer
695,Reginauld,Bustin,rbustinja@stumbleupon.com,Male,Pharmacist
696,Gawen,Pilfold,gpilfoldjb@squarespace.com,Male,General Manager
697,Zeb,Vondruska,zvondruskajc@microsoft.com,Male,Staff Scientist
698,Denny,McGahern,dmcgahernjd@wired.com,Female,Junior Executive
699,Alice,Euesden,aeuesdenje@baidu.com,Female,Financial Analyst
700,Kathryn,Morritt,kmorrittjf@soup.io,Female,Accountant IV
701,Lura,Mityushkin,lmityushkinjg@360.cn,Female,Nuclear Power Engineer
702,Darnall,Bonas,dbonasjh@auda.org.au,Male,Technical Writer
703,Lothaire,Yandell,lyandellji@illinois.edu,Male,Desktop Support Technician
704,Oates,Preon,opreonjj@jigsy.com,Male,Research Assistant II
705,Curry,Kimmings,ckimmingsjk@dedecms.com,Polygender,Geologist IV
706,Siegfried,Farnaby,sfarnabyjl@aboutads.info,Male,VP Product Management
707,Blisse,Hamnett,bhamnettjm@blogger.com,Female,Programmer IV
708,Alisun,Cuesta,acuestajn@meetup.com,Female,Sales Representative
709,Claudio,McClements,cmcclementsjo@alexa.com,Male,Product Engineer
710,Rory,Misk,rmiskjp@zimbio.com,Female,Statistician III
711,Toinette,Bidgood,tbidgoodjq@clickbank.net,Female,Human Resources Assistant I
712,Sybilla,Frankowski,sfrankowskijr@multiply.com,Female,Accounting Assistant IV
713,Pen,Rosenstengel,prosenstengeljs@diigo.com,Male,Help Desk Operator
714,Garrett,Greest,ggreestjt@stanford.edu,Male,Financial Analyst
715,Donaugh,Lotherington,dlotheringtonju@washington.edu,Male,Physical Therapy Assistant
716,Kalinda,Rozenzweig,krozenzweigjv@skyrock.com,Agender,Food Chemist
717,Claudetta,Dahmel,cdahmeljw@goo.gl,Female,Tax Accountant
718,Graig,Haley,ghaleyjx@usda.gov,Male,Nurse Practicioner
719,Hinda,Goff,hgoffjy@tripod.com,Female,Systems Administrator I
720,Alleyn,Barnett,abarnettjz@163.com,Polygender,Database Administrator III
721,Grant,Smy,gsmyk0@devhub.com,Male,VP Marketing
722,Maribeth,Girke,mgirkek1@virginia.edu,Female,Social Worker
723,Brnaby,Piercey,bpierceyk2@woothemes.com,Male,Office Assistant II
724,Lothario,Reay,lreayk3@mashable.com,Male,Internal Auditor
725,Adrianne,Suttling,asuttlingk4@blog.com,Female,Social Worker
726,Corbett,Pointer,cpointerk5@cmu.edu,Male,Web Designer III
727,Garik,McLeod,gmcleodk6@whitehouse.gov,Male,Safety Technician IV
728,Stafani,Seamons,sseamonsk7@wired.com,Female,Environmental Tech
729,Carolan,Larby,clarbyk8@surveymonkey.com,Female,Senior Financial Analyst
730,Consuelo,Dobrowolny,cdobrowolnyk9@devhub.com,Female,Analyst Programmer
731,Lisbeth,Purrington,lpurringtonka@studiopress.com,Female,Accountant III
732,Codie,Stothart,cstothartkb@posterous.com,Female,Structural Analysis Engineer
733,Annadiane,Rozzell,arozzellkc@godaddy.com,Female,Occupational Therapist
734,Gilburt,Guillot,gguillotkd@addthis.com,Male,Registered Nurse
735,Benedicto,Coleborn,bcolebornke@hexun.com,Male,Electrical Engineer
736,Sheryl,Britch,sbritchkf@ucsd.edu,Female,Graphic Designer
737,Dinny,Stockney,dstockneykg@plala.or.jp,Female,Business Systems Development Analyst
738,Job,Heller,jhellerkh@multiply.com,Male,Assistant Professor
739,Aloin,De Mitri,ademitriki@shareasale.com,Male,Senior Developer
740,Ivy,Board,iboardkj@imgur.com,Female,Compensation Analyst
741,Orbadiah,Pickerell,opickerellkk@bbc.co.uk,Male,Electrical Engineer
742,Terza,Spurrett,tspurrettkl@shutterfly.com,Female,Human Resources Assistant II
743,Giavani,Ambrogioli,gambrogiolikm@nifty.com,Male,VP Quality Control
744,Jeannine,Klauer,jklauerkn@miibeian.gov.cn,Female,Structural Engineer
745,Ogdon,Bernhardi,obernhardiko@taobao.com,Male,Financial Advisor
746,Tamqrah,Craghead,tcragheadkp@livejournal.com,Female,Account Representative I
747,Shalna,Mandifield,smandifieldkq@issuu.com,Female,Administrative Assistant I
748,Penny,Seabourne,pseabournekr@youtu.be,Male,Electrical Engineer
749,Cyrill,Peter,cpeterks@hubpages.com,Male,Desktop Support Technician
750,Herschel,Rodway,hrodwaykt@reddit.com,Male,Professor
751,Sheffield,Jeggo,sjeggoku@shinystat.com,Male,Marketing Manager
752,Candie,Christley,cchristleykv@globo.com,Female,Nurse
753,Gerri,Tressler,gtresslerkw@samsung.com,Male,Marketing Manager
754,Allix,Chamberlain,achamberlainkx@google.cn,Female,Software Engineer II
755,Gino,Jarley,gjarleyky@ca.gov,Male,Actuary
756,Alanah,Heinsh,aheinshkz@wiley.com,Female,Senior Quality Engineer
757,Michael,O'Lyhane,molyhanel0@simplemachines.org,Male,Quality Engineer
758,Morrie,Bellson,mbellsonl1@mozilla.com,Male,Director of Sales
759,Burnaby,Wield,bwieldl2@baidu.com,Male,Accounting Assistant II
760,Selle,Dwelley,sdwelleyl3@hao123.com,Female,Professor
761,Judy,Bannerman,jbannermanl4@chronoengine.com,Female,Human Resources Assistant III
762,Johnny,Vaadeland,jvaadelandl5@independent.co.uk,Male,Health Coach IV
763,Alexio,O' Driscoll,aodriscolll6@t.co,Male,Nuclear Power Engineer
764,Lek,Gilley,lgilleyl7@bravesites.com,Male,Software Engineer III
765,Tamas,Sanbroke,tsanbrokel8@state.tx.us,Male,Nuclear Power Engineer
766,Glynda,Elwyn,gelwynl9@addtoany.com,Female,Programmer Analyst III
767,Wyatt,Samsworth,wsamsworthla@pagesperso-orange.fr,Male,General Manager
768,Dewitt,Leacock,dleacocklb@com.com,Male,Financial Advisor
769,Danya,Ayscough,dayscoughlc@independent.co.uk,Female,Recruiting Manager
770,Charley,Wattam,cwattamld@tumblr.com,Male,Occupational Therapist
771,Jannel,Leile,jleilele@twitter.com,Female,Software Test Engineer II
772,Baxter,Girkins,bgirkinslf@google.pl,Male,Legal Assistant
773,Ivonne,Cherry Holme,icherryholmelg@si.edu,Female,General Manager
774,Worthington,Whitechurch,wwhitechurchlh@naver.com,Male,Graphic Designer
775,Spence,Houldin,shouldinli@instagram.com,Male,Assistant Professor
776,Suki,Thyng,sthynglj@cargocollective.com,Female,Tax Accountant
777,Fitzgerald,Menzies,fmenzieslk@time.com,Male,Payment Adjustment Coordinator
778,Megan,Gatecliffe,mgatecliffell@com.com,Polygender,Software Engineer III
779,Birk,Philp,bphilplm@skyrock.com,Male,Food Chemist
780,Poppy,Pinshon,ppinshonln@123-reg.co.uk,Non-binary,Environmental Tech
781,Eliza,Clayson,eclaysonlo@biglobe.ne.jp,Female,Accounting Assistant III
782,Ida,Cattemull,icattemulllp@va.gov,Genderfluid,VP Product Management
783,Fae,Coolahan,fcoolahanlq@ucoz.com,Female,Pharmacist
784,Michelle,Puleque,mpulequelr@si.edu,Female,Programmer Analyst II
785,Maddy,Nary,mnaryls@nih.gov,Male,Cost Accountant
786,Tamra,Hassall,thassalllt@sun.com,Female,VP Accounting
787,Kiersten,Coltart,kcoltartlu@paginegialle.it,Female,Software Test Engineer IV
788,Hester,Wederell,hwederelllv@constantcontact.com,Female,Nuclear Power Engineer
789,Uriah,Veracruysse,uveracruysselw@ehow.com,Male,Editor
790,Abdel,Biddiss,abiddisslx@salon.com,Male,Compensation Analyst
791,Haroun,Sara,hsaraly@4shared.com,Male,Environmental Tech
792,Xever,McIvor,xmcivorlz@wunderground.com,Male,Social Worker
793,Siobhan,McAlinion,smcalinionm0@pbs.org,Female,Operator
794,Zaccaria,Pleasants,zpleasantsm1@macromedia.com,Genderqueer,Environmental Tech
795,Dill,Romi,dromim2@pen.io,Male,Financial Analyst
796,Porty,Veljes,pveljesm3@lycos.com,Genderqueer,Automation Specialist III
797,Shaun,McOwen,smcowenm4@aboutads.info,Male,Senior Financial Analyst
798,Ethelind,Slateford,eslatefordm5@shinystat.com,Female,Environmental Specialist
799,Fredericka,Honacker,fhonackerm6@hexun.com,Female,Executive Secretary
800,Lulita,Fassman,lfassmanm7@slashdot.org,Female,Media Manager II
801,Townie,Weddell,tweddellm8@github.io,Male,Actuary
802,Demetra,Pyecroft,dpyecroftm9@csmonitor.com,Female,General Manager
803,Jarid,Clemenceau,jclemenceauma@dailymail.co.uk,Male,Chemical Engineer
804,Eula,Channer,echannermb@example.com,Female,Software Consultant
805,Helen,Lavell,hlavellmc@cbc.ca,Female,Legal Assistant
806,Mathian,Castleton,mcastletonmd@wikia.com,Male,Cost Accountant
807,Leonelle,Merton,lmertonme@latimes.com,Female,VP Sales
808,Cristabel,Luxen,cluxenmf@imageshack.us,Non-binary,Assistant Professor
809,Claiborne,Adin,cadinmg@phoca.cz,Male,Structural Analysis Engineer
810,Reece,Penburton,rpenburtonmh@google.pl,Male,Help Desk Technician
811,Dion,Piens,dpiensmi@deliciousdays.com,Genderqueer,Senior Quality Engineer
812,Burk,Kimbrough,bkimbroughmj@tmall.com,Male,Data Coordinator
813,Lowell,Koppen,lkoppenmk@rediff.com,Male,Mechanical Systems Engineer
814,Eilis,Pehrsson,epehrssonml@addthis.com,Female,Quality Control Specialist
815,Bendicty,Algie,balgiemm@acquirethisname.com,Male,Database Administrator I
816,Christie,Coltherd,ccoltherdmn@taobao.com,Female,Geologist III
817,Dallas,Bock,dbockmo@microsoft.com,Male,Clinical Specialist
818,Collen,Jewks,cjewksmp@rakuten.co.jp,Female,Staff Accountant II
819,Nahum,McLurg,nmclurgmq@apache.org,Male,Registered Nurse
820,Virgie,Verty,vvertymr@miibeian.gov.cn,Male,Desktop Support Technician
821,Rafael,Bee,rbeems@answers.com,Male,Registered Nurse
822,Dav,Male,dmalemt@amazon.com,Male,Senior Sales Associate
823,Brigitta,Maryott,bmaryottmu@newyorker.com,Female,Compensation Analyst
824,Valeria,Loren,vlorenmv@blog.com,Female,Information Systems Manager
825,Sibella,Jiricka,sjirickamw@virginia.edu,Female,Office Assistant I
826,Frazier,Drew,fdrewmx@bbc.co.uk,Male,Accounting Assistant I
827,Jackquelin,Eite,jeitemy@webs.com,Female,Developer I
828,Fowler,Carbert,fcarbertmz@shinystat.com,Male,Food Chemist
829,Suzette,Stowgill,sstowgilln0@tripod.com,Female,General Manager
830,Rae,Ebbins,rebbinsn1@ucla.edu,Female,Nurse Practicioner
831,Mela,Vaszoly,mvaszolyn2@ox.ac.uk,Female,Media Manager II
832,Myrtie,Scouse,mscousen3@noaa.gov,Female,Business Systems Development Analyst
833,Peirce,Devey,pdeveyn4@un.org,Male,Cost Accountant
834,Pen,Chark,pcharkn5@symantec.com,Male,Environmental Specialist
835,Ebeneser,Karpushkin,ekarpushkinn6@apache.org,Male,Developer I
836,Remus,Figgs,rfiggsn7@webmd.com,Agender,Web Designer III
837,Cchaddie,Adamovich,cadamovichn8@baidu.com,Male,Human Resources Assistant II
838,Giselbert,Doge,gdogen9@deviantart.com,Male,Marketing Manager
839,Micah,Alliott,malliottna@dyndns.org,Genderfluid,Pharmacist
840,Ashia,MacColl,amaccollnb@java.com,Female,Business Systems Development Analyst
841,Blinny,Welchman,bwelchmannc@sourceforge.net,Female,Clinical Specialist
842,Eudora,Moisey,emoiseynd@mozilla.org,Female,Editor
843,Dorry,Mimmack,dmimmackne@taobao.com,Female,Environmental Tech
844,Guilbert,Barizeret,gbarizeretnf@smh.com.au,Male,Food Chemist
845,Mariana,Tschersich,mtschersichng@phoca.cz,Female,Account Representative III
846,Gilemette,Oram,goramnh@barnesandnoble.com,Female,Staff Accountant I
847,Susie,McRannell,smcrannellni@reference.com,Female,Software Engineer I
848,Frasier,Vinnicombe,fvinnicombenj@telegraph.co.uk,Male,Product Engineer
849,Montgomery,Scholler,mschollernk@time.com,Male,VP Quality Control
850,Joelie,Guiso,jguisonl@ucla.edu,Female,Senior Financial Analyst
851,Troy,McCarron,tmccarronnm@yelp.com,Male,Human Resources Manager
852,Lalo,Juhruke,ljuhrukenn@foxnews.com,Male,Marketing Assistant
853,Allin,Petters,apettersno@behance.net,Male,Junior Executive
854,Paulette,Gainforth,pgainforthnp@virginia.edu,Female,Food Chemist
855,Harley,Harragin,hharraginnq@histats.com,Female,Research Nurse
856,Oran,Gleader,ogleadernr@bbc.co.uk,Male,Assistant Professor
857,Mirabel,Baurerich,mbaurerichns@163.com,Bigender,Nurse Practicioner
858,Stearn,Gower,sgowernt@blog.com,Male,VP Quality Control
859,Demetrius,Cowdrey,dcowdreynu@netlog.com,Male,Human Resources Assistant IV
860,Amerigo,Peaseman,apeasemannv@devhub.com,Male,Graphic Designer
861,Griselda,MacParlan,gmacparlannw@chron.com,Female,Accounting Assistant I
862,Gregorius,Avison,gavisonnx@google.es,Male,Information Systems Manager
863,Almeda,Middup,amiddupny@wired.com,Female,Health Coach III
864,Laetitia,Chalker,lchalkernz@elpais.com,Female,Account Coordinator
865,Ennis,Hemphill,ehemphillo0@symantec.com,Male,Staff Scientist
866,Franz,Mangeney,fmangeneyo1@nba.com,Bigender,Desktop Support Technician
867,Hildy,McKeever,hmckeevero2@ox.ac.uk,Female,Senior Quality Engineer
868,Christye,MacRirie,cmacririeo3@spotify.com,Female,Teacher
869,Duke,Ottewill,dottewillo4@wsj.com,Male,Software Test Engineer III
870,Reuben,Charnick,rcharnicko5@nationalgeographic.com,Male,Software Engineer II
871,Arlin,Ashton,aashtono6@spotify.com,Male,Speech Pathologist
872,Susie,Rogger,sroggero7@example.com,Female,Paralegal
873,Hersh,Gosse,hgosseo8@cbsnews.com,Male,Speech Pathologist
874,Genia,Harlow,gharlowo9@people.com.cn,Female,VP Product Management
875,Petrina,Lowy,plowyoa@prnewswire.com,Female,Structural Engineer
876,Tania,Hunn,thunnob@mozilla.org,Female,Marketing Assistant
877,Coriss,Harridge,charridgeoc@spiegel.de,Female,Media Manager III
878,Alyosha,Frankcomb,afrankcombod@irs.gov,Male,Actuary
879,Erin,Codner,ecodneroe@timesonline.co.uk,Female,Payment Adjustment Coordinator
880,Quint,Stewart,qstewartof@go.com,Male,Programmer Analyst I
881,Maximilian,Gwyther,mgwytherog@g.co,Male,Database Administrator III
882,Kean,Brack,kbrackoh@mozilla.com,Male,Safety Technician III
883,Jewell,Tockell,jtockelloi@deliciousdays.com,Female,Account Coordinator
884,Damian,Roaf,droafoj@lycos.com,Male,Junior Executive
885,Hamnet,Noads,hnoadsok@hud.gov,Genderfluid,Programmer III
886,Winna,Keene,wkeeneol@mysql.com,Female,Software Test Engineer III
887,Rose,Emmitt,remmittom@addthis.com,Female,Mechanical Systems Engineer
888,Porty,Ramelet,prameleton@prweb.com,Male,Senior Cost Accountant
889,Alexis,Davidovitz,adavidovitzoo@naver.com,Male,Sales Representative
890,Alfie,Jeannot,ajeannotop@springer.com,Male,Registered Nurse
891,Lilas,Ledster,lledsteroq@nps.gov,Female,Account Executive
892,Care,Halliburton,challiburtonor@ed.gov,Non-binary,Design Engineer
893,Nikolia,Brokenshaw,nbrokenshawos@nasa.gov,Female,Data Coordinator
894,Maryann,Kershow,mkershowot@ted.com,Female,Design Engineer
895,Josephina,Curson,jcursonou@si.edu,Female,VP Product Management
896,Marcelle,Laminman,mlaminmanov@yelp.com,Female,Research Nurse
897,Oralee,Mapledoram,omapledoramow@histats.com,Female,Computer Systems Analyst II
898,Raddie,Fretson,rfretsonox@ycombinator.com,Male,Geological Engineer
899,Dasya,Goldster,dgoldsteroy@hatena.ne.jp,Agender,Speech Pathologist
900,Christy,Grenter,cgrenteroz@prweb.com,Male,Chemical Engineer
901,Mercie,Mullins,mmullinsp0@t.co,Female,Paralegal
902,Pammie,Walkden,pwalkdenp1@hc360.com,Polygender,Graphic Designer
903,Ethan,Gian,egianp2@123-reg.co.uk,Non-binary,Associate Professor
904,Luigi,Klemke,lklemkep3@moonfruit.com,Male,Senior Cost Accountant
905,Hubey,Strongitharm,hstrongitharmp4@cisco.com,Genderfluid,Teacher
906,Zandra,Pardal,zpardalp5@odnoklassniki.ru,Female,Geologist IV
907,Margaret,Andreas,mandreasp6@amazon.co.uk,Genderqueer,Health Coach II
908,Mead,Wilber,mwilberp7@mit.edu,Female,Registered Nurse
909,Hillie,Garrie,hgarriep8@desdev.cn,Male,Software Test Engineer I
910,Evita,MacGregor,emacgregorp9@theglobeandmail.com,Female,Staff Accountant IV
911,Temp,Hoult,thoultpa@ning.com,Male,Environmental Specialist
912,Gwyn,Shoreman,gshoremanpb@tinyurl.com,Female,Technical Writer
913,Camella,Lindl,clindlpc@yellowbook.com,Female,Clinical Specialist
914,Liuka,Llywarch,lllywarchpd@taobao.com,Female,VP Marketing
915,Vidovik,Atte-Stone,vattestonepe@google.es,Male,Administrative Officer
916,Opal,Philipart,ophilipartpf@baidu.com,Female,Account Coordinator
917,Veronica,Daws,vdawspg@independent.co.uk,Female,Civil Engineer
918,Staffard,Benoi,sbenoiph@hp.com,Male,Senior Sales Associate
919,Vaughan,Pelosi,vpelosipi@nih.gov,Agender,Assistant Manager
920,Van,Burgum,vburgumpj@vinaora.com,Female,Paralegal
921,Mycah,Pluvier,mpluvierpk@sun.com,Male,Staff Accountant IV
922,Alexandros,Matevosian,amatevosianpl@symantec.com,Male,Engineer II
923,Jannelle,Alejo,jalejopm@stumbleupon.com,Female,Financial Advisor
924,Collin,Merryfield,cmerryfieldpn@spiegel.de,Male,Safety Technician II
925,Yevette,Izkovicz,yizkoviczpo@hostgator.com,Female,Environmental Specialist
926,Sascha,Cassin,scassinpp@oakley.com,Female,Technical Writer
927,Georgeanna,Lawton,glawtonpq@wikispaces.com,Agender,Senior Sales Associate
928,Flory,Sinden,fsindenpr@sitemeter.com,Male,Account Coordinator
929,Sharl,Fellibrand,sfellibrandps@ucoz.com,Female,Human Resources Manager
930,Alex,Blackmuir,ablackmuirpt@trellian.com,Female,Social Worker
931,Currie,Marzelle,cmarzellepu@usnews.com,Male,VP Sales
932,Herc,Hawtry,hhawtrypv@unblog.fr,Male,Office Assistant II
933,Gerome,Quinnette,gquinnettepw@t.co,Male,Social Worker
934,Sal,Wollen,swollenpx@ebay.com,Male,VP Marketing
935,Agata,Oppie,aoppiepy@springer.com,Female,Analog Circuit Design manager
936,Moselle,Garment,mgarmentpz@foxnews.com,Female,Internal Auditor
937,Becky,Chesnay,bchesnayq0@state.tx.us,Female,Chief Design Engineer
938,Edik,Traill,etraillq1@seattletimes.com,Male,Help Desk Operator
939,Earlie,Tittershill,etittershillq2@google.cn,Male,Help Desk Technician
940,Florencia,Chartres,fchartresq3@techcrunch.com,Female,Environmental Specialist
941,Vina,Idill,vidillq4@canalblog.com,Female,Structural Analysis Engineer
942,Karena,Denley,kdenleyq5@reddit.com,Female,Safety Technician I
943,Gerrard,Merrell,gmerrellq6@amazon.com,Male,Marketing Manager
944,Grover,Elcox,gelcoxq7@bluehost.com,Male,GIS Technical Architect
945,Obadiah,Lude,oludeq8@microsoft.com,Male,Assistant Professor
946,Theadora,Nafziger,tnafzigerq9@vkontakte.ru,Female,Human Resources Assistant III
947,Frazier,Peeters,fpeetersqa@cafepress.com,Polygender,Food Chemist
948,Chery,Tranfield,ctranfieldqb@myspace.com,Polygender,Engineer I
949,Patti,Strathearn,pstrathearnqc@hatena.ne.jp,Female,Physical Therapy Assistant
950,Leonard,Spellacy,lspellacyqd@nifty.com,Male,Recruiting Manager
951,Teddie,Garrood,tgarroodqe@imdb.com,Female,Quality Control Specialist
952,Angel,Dunlop,adunlopqf@wired.com,Male,Marketing Assistant
953,Christy,Clarke,cclarkeqg@msu.edu,Female,Help Desk Technician
954,Reynold,Ojeda,rojedaqh@free.fr,Male,Sales Associate
955,Clay,Everleigh,ceverleighqi@nationalgeographic.com,Male,VP Product Management
956,Leelah,Siuda,lsiudaqj@uiuc.edu,Female,Geological Engineer
957,Wallache,Beatson,wbeatsonqk@apple.com,Male,Quality Engineer
958,Andria,Hannen,ahannenql@dailymotion.com,Female,Business Systems Development Analyst
959,Agata,Alfonsini,aalfonsiniqm@icio.us,Female,Staff Scientist
960,Wainwright,O Sullivan,wosullivanqn@wiley.com,Male,Senior Quality Engineer
961,Loralyn,Kenninghan,lkenninghanqo@google.ru,Female,Editor
962,Law,Pettifor,lpettiforqp@yellowbook.com,Male,Librarian
963,Allie,Berndtssen,aberndtssenqq@php.net,Female,Budget/Accounting Analyst III
964,Luigi,Lakes,llakesqr@instagram.com,Male,Nurse
965,Royal,Seaking,rseakingqs@de.vu,Male,Operator
966,Billye,Schlagh,bschlaghqt@altervista.org,Female,Structural Engineer
967,Eyde,Portail,eportailqu@seesaa.net,Female,Account Coordinator
968,Margarita,Ellif,mellifqv@mail.ru,Genderfluid,Marketing Assistant
969,Gelya,Kelshaw,gkelshawqw@amazon.de,Female,Food Chemist
970,Belle,Daniello,bdanielloqx@eepurl.com,Female,Data Coordinator
971,Sheppard,Ovanesian,sovanesianqy@google.it,Male,Account Coordinator
972,Oralia,Izakoff,oizakoffqz@cnet.com,Female,Safety Technician I
973,Ilise,Robbert,irobbertr0@patch.com,Female,VP Product Management
974,Doti,Dahmel,ddahmelr1@wordpress.com,Female,Account Representative IV
975,Luise,McGrady,lmcgradyr2@diigo.com,Female,VP Product Management
976,Maye,Lampard,mlampardr3@google.com.hk,Female,Operator
977,Xena,Haining,xhainingr4@si.edu,Female,Research Nurse
978,Addy,Sirette,asiretter5@time.com,Female,Help Desk Technician
979,Jordon,Silmon,jsilmonr6@google.com,Male,Pharmacist
980,Lelia,Clemente,lclementer7@theatlantic.com,Female,Software Engineer IV
981,Alex,Hubach,ahubachr8@posterous.com,Male,Geological Engineer
982,Petronia,Zanuciolii,pzanucioliir9@mit.edu,Female,Design Engineer
983,Towny,Reskelly,treskellyra@zdnet.com,Male,Data Coordinator
984,Orelee,Coltart,ocoltartrb@dot.gov,Female,Statistician I
985,Kari,Spelwood,kspelwoodrc@artisteer.com,Female,Computer Systems Analyst II
986,Grange,Noulton,gnoultonrd@example.com,Male,VP Sales
987,Wernher,Cruess,wcruessre@umich.edu,Male,Computer Systems Analyst III
988,Pacorro,Lindegard,plindegardrf@aol.com,Male,Human Resources Assistant I
989,Daveta,Crilley,dcrilleyrg@digg.com,Female,Engineer III
990,Hestia,Liddyard,hliddyardrh@slashdot.org,Female,Senior Sales Associate
991,Rheba,Vardey,rvardeyri@unblog.fr,Female,Business Systems Development Analyst
992,Benedikt,Claw,bclawrj@behance.net,Male,Assistant Manager
993,Lidia,Danielsson,ldanielssonrk@craigslist.org,Female,Payment Adjustment Coordinator
994,Hazel,Mallows,hmallowsrl@archive.org,Male,Media Manager II
995,Maitilde,Caudray,mcaudrayrm@hibu.com,Genderqueer,VP Sales
996,Bret,Burress,bburressrn@omniture.com,Male,Director of Sales
997,Dee dee,Weatherall,dweatherallro@sourceforge.net,Female,Web Designer III
998,Roderic,Hadwen,rhadwenrp@home.pl,Male,Social Worker
999,Galvin,Perch,gperchrq@ucla.edu,Male,Senior Quality Engineer
1000,Sascha,Bolf,sbolfrr@de.vu,Female,Design Engineer
